id,query,reference_answer,category,difficulty
q001,What is pneumonia?,Pneumonia is a lung infection that causes inflammation of the air sacs and can make breathing difficult.,disease,easy
q002,Can I take vitamin D daily?,"Yes, vitamin D can be taken daily within recommended limits to support bone and immune health.",nutrition,medium
q003,What are symptoms of dehydration?,"Symptoms include dry mouth, dizziness, dark urine, and fatigue.",symptom,high
q004,What is MRI used for?,MRI is used to create detailed images of organs and tissues using magnetic fields and radio waves.,diagnosis,easy
q005,How to treat a burn?,"Cool the burn under running water, avoid ice, and cover with a clean bandage.",first_aid,medium
q006,Can smoking cause cancer?,"Yes, smoking is a major cause of lung, throat, and other cancers.",preventive_care,high
q007,What is insulin?,Insulin is a hormone that helps control blood sugar levels.,anatomy,easy
q008,What is epilepsy?,Epilepsy is a neurological disorder marked by recurrent seizures.,disease,medium
q009,What are side effects of antibiotics?,"Common side effects include nausea, diarrhea, and allergic reactions.",side_effects,high
q010,How to lower cholesterol naturally?,"Eat more fiber, exercise regularly, and reduce saturated fats.",nutrition,easy
q011,Can I take aspirin on an empty stomach?,"No, taking aspirin on an empty stomach can increase stomach irritation.",drug_interaction,medium
q012,What is malaria?,Malaria is a mosquito-borne disease caused by Plasmodium parasites.,disease,high
q013,What is a fracture?,A fracture is a break or crack in a bone.,anatomy,easy
q014,How to stop bleeding?,Apply pressure to the wound with a clean cloth and keep it elevated.,first_aid,medium
q015,Can stress cause stomach pain?,"Yes, stress can affect digestion and cause stomach discomfort.",symptom,high
q016,What is antibiotic resistance?,It occurs when bacteria adapt and no longer respond to antibiotic treatment.,disease,easy
q017,What are treatments for anxiety?,"Common treatments include therapy, relaxation techniques, and medications.",treatment,medium
q018,What causes jaundice?,"Jaundice occurs when there is excess bilirubin in the blood, often due to liver problems.",disease,high
q019,Can I take milk with antibiotics?,Some antibiotics should not be taken with milk as calcium can reduce absorption.,drug_interaction,easy
q020,What is kidney failure?,Kidney failure occurs when the kidneys can no longer filter waste effectively.,disease,medium
q021,What is hypertension?,Hypertension is the medical term for persistently high blood pressure.,disease,high
q022,What is Type 1 diabetes?,An autoimmune condition where the pancreas produces little or no insulin.,disease,easy
q023,What is Type 2 diabetes?,A chronic condition where the body resists insulin or doesn't produce enough.,disease,medium
q024,What is asthma?,"A respiratory condition marked by spasms in the bronchi of the lungs, causing breathing difficulties.",disease,high
q025,What is COPD?,"Chronic Obstructive Pulmonary Disease, a group of lung diseases that block airflow and make breathing difficult.",disease,easy
q026,What is arthritis?,"Inflammation of one or more joints, causing pain and stiffness.",disease,medium
q027,What is rheumatoid arthritis?,An autoimmune disease where the body's immune system attacks its own joint tissues.,disease,high
q028,What is osteoarthritis?,A degenerative joint disease caused by the breakdown of cartilage in joints over time.,disease,easy
q029,What is Alzheimer's disease?,A progressive brain disorder that slowly destroys memory and thinking skills.,disease,medium
q030,What is Parkinson's disease?,"A neurological disorder affecting movement, often including tremors, stiffness, and slow movement.",disease,high
q031,What is multiple sclerosis (MS)?,An autoimmune disease where the immune system attacks the protective sheath (myelin) covering nerve fibers.,disease,easy
q032,What is Crohn's disease?,A type of inflammatory bowel disease (IBD) that causes inflammation of the digestive tract.,disease,medium
q033,What is ulcerative colitis?,An inflammatory bowel disease (IBD) that causes long-lasting inflammation and ulcers in the colon.,disease,high
q034,What is celiac disease?,An autoimmune disorder where eating gluten leads to damage in the small intestine.,disease,easy
q035,What is glaucoma?,"An eye condition that damages the optic nerve, often caused by abnormally high pressure in the eye.",disease,medium
q036,What are cataracts?,"A condition where the lens of the eye becomes progressively opaque, resulting in blurred vision.",disease,high
q037,What is macular degeneration?,An eye disease that causes vision loss in the center of the field of vision.,disease,easy
q038,What is sepsis?,A life-threatening condition caused by the body's overwhelming response to an infection.,disease,medium
q039,What is meningitis?,"Inflammation of the meninges, the protective membranes covering the brain and spinal cord.",disease,high
q040,What is tuberculosis (TB)?,An infectious disease usually caused by bacteria that most often affects the lungs.,disease,easy
q041,What is psoriasis?,"An autoimmune skin disease that causes red, itchy, scaly patches.",dermatology,medium
q042,What is eczema (atopic dermatitis)?,"A condition that makes skin red and itchy, common in children but can occur at any age.",dermatology,high
q043,What is osteoporosis?,"A condition in which bones become weak and brittle, making them more prone to fractures.",disease,easy
q044,What is anemia?,A condition where you lack enough healthy red blood cells to carry adequate oxygen to your body's tissues.,disease,medium
q045,What is leukemia?,"Cancer of the body's blood-forming tissues, including the bone marrow and the lymphatic system.",disease,high
q046,What is lymphoma?,"Cancer of the lymphatic system, which is part of the body's germ-fighting network.",disease,easy
q047,What is melanoma?,"The most serious type of skin cancer, which develops in the cells (melanocytes) that produce pigment.",disease,medium
q048,What is a stroke?,A medical emergency where blood supply to part of the brain is interrupted or reduced.,disease,high
q049,What is a heart attack (myocardial infarction)?,"A medical emergency where blood flow to the heart muscle is blocked, causing tissue death.",disease,easy
q050,What is heart failure?,A chronic condition where the heart muscle doesn't pump blood as well as it should.,disease,medium
q051,What is an aneurysm?,A ballooning and weakened area in an artery wall.,disease,high
q052,What is arteriosclerosis?,"The thickening and hardening of the walls of the arteries, typically occurring in old age.",disease,easy
q053,What is endometriosis?,A disorder in which tissue similar to the lining inside the uterus (the endometrium) grows outside the uterus.,disease,medium
q054,What is PCOS (Polycystic Ovary Syndrome)?,"A hormonal disorder common among women of reproductive age, causing infrequent or prolonged menstrual periods.",disease,high
q055,What is hypothyroidism?,A condition where the thyroid gland doesn't produce enough crucial hormones.,disease,easy
q056,What is hyperthyroidism?,A condition where the thyroid gland produces too much thyroxine hormone (overactive thyroid).,disease,medium
q057,What is gout?,"A form of arthritis characterized by severe pain, redness, and tenderness in joints, often the big toe.",disease,high
q058,What is GERD (Gastroesophageal Reflux Disease)?,A digestive disorder where stomach acid frequently flows back into the esophagus.,disease,easy
q059,What is gastritis?,Inflammation of the lining of the stomach.,disease,medium
q060,What is a peptic ulcer?,An open sore that develops on the inside lining of your stomach and the upper portion of your small intestine.,disease,high
q061,What is IBS (Irritable Bowel Syndrome)?,"A common disorder affecting the large intestine, causing symptoms like cramping, abdominal pain, bloating, and gas.",disease,easy
q062,What is appendicitis?,"Inflammation of the appendix, a finger-shaped pouch projecting from your colon.",disease,medium
q063,What are gallstones?,Hardened deposits of digestive fluid that can form in your gallbladder.,disease,high
q064,What is cirrhosis?,Late-stage scarring (fibrosis) of the liver caused by many forms of liver diseases and conditions.,disease,easy
q065,What is hepatitis?,"Inflammation of the liver, most commonly caused by a viral infection.",disease,medium
q066,What is shingles (herpes zoster)?,"A viral infection that causes a painful rash, caused by the same virus as chickenpox.",disease,high
q067,What is chickenpox?,"A highly contagious viral infection causing an itchy rash with small, fluid-filled blisters.",disease,easy
q068,What is mono (mononucleosis)?,"An infectious illness, often called 'the kissing disease,' usually caused by the Epstein-Barr virus.",disease,medium
q069,What is athlete's foot?,A fungal infection that usually begins between the toes.,disease,high
q070,What is conjunctivitis (pink eye)?,Inflammation or infection of the transparent membrane (conjunctiva) that lines the eyelid and covers the white part of the eyeball.,disease,easy
q071,What is an ear infection (otitis media)?,"An infection of the middle ear, the air-filled space behind the eardrum.",disease,medium
q072,What is strep throat?,A bacterial infection that can make your throat feel sore and scratchy.,disease,high
q073,What is the common cold?,A viral infection of your nose and throat (upper respiratory tract).,disease,easy
q074,What is influenza (the flu)?,"A viral infection that attacks your respiratory system—your nose, throat, and lungs.",disease,medium
q075,What is bronchitis?,"Inflammation of the lining of your bronchial tubes, which carry air to and from your lungs.",disease,high
q076,What is sinusitis?,Inflammation of the tissues lining the sinuses (sinus infection).,disease,easy
q077,What is dementia?,A general term for a decline in mental ability severe enough to interfere with daily life.,disease,medium
q078,What is schizophrenia?,A serious mental disorder in which people interpret reality abnormally.,mental_health,high
q079,What is bipolar disorder?,A mental health condition that causes extreme mood swings that include emotional highs (mania or hypomania) and lows (depression).,mental_health,easy
q080,What is depression?,A mood disorder causing a persistent feeling of sadness and loss of interest.,mental_health,medium
q081,What is chest pain a symptom of?,"It can be a symptom of many conditions, including heart attack, heartburn, or muscle strain.",symptom,high
q082,"What does sudden, severe headache mean?","It can be a sign of a serious condition like a stroke, aneurysm, or meningitis.",symptom,easy
q083,What is fever?,"An elevation of body temperature above the normal range, usually a sign of infection.",symptom,medium
q084,What is shortness of breath (dyspnea)?,"A sensation of not being able to get enough air, which can be a symptom of heart or lung disease.",symptom,high
q085,What is chronic fatigue?,Persistent and unexplained tiredness that is not relieved by rest.,symptom,easy
q086,What is nausea?,A feeling of sickness with an inclination to vomit.,symptom,medium
q087,What is vertigo?,"A sensation of spinning or whirling, often caused by an inner ear problem.",symptom,high
q088,What is tinnitus?,The perception of noise or ringing in the ears when no external sound is present.,symptom,easy
q089,What is a persistent cough?,"A cough that lasts for eight weeks or more, which may indicate an underlying condition.",symptom,medium
q090,What does blood in stool indicate?,"It can indicate conditions like hemorrhoids, ulcers, or colorectal cancer.",symptom,high
q091,What is unexplained weight loss?,A noticeable drop in body weight that occurs even if the person is not trying to lose weight.,symptom,easy
q092,What are heart palpitations?,"Feelings of having a fast-beating, fluttering, or pounding heart.",symptom,medium
q093,What is bloating?,"A feeling of fullness or swelling in the abdomen, often related to gas or digestive issues.",symptom,high
q094,What is heartburn?,"A burning pain in your chest, just behind your breastbone, often after eating.",symptom,easy
q095,What is insomnia?,"A common sleep disorder that can make it hard to fall asleep, stay asleep, or get good-quality sleep.",symptom,medium
q096,What is a tremor?,"An involuntary, rhythmic muscle contraction leading to shaking movements in one or more parts of the body.",symptom,high
q097,What is numbness?,The partial or total loss of sensation in a part of the body.,symptom,easy
q098,What is edema?,Swelling caused by excess fluid trapped in your body's tissues.,symptom,medium
q099,What is a rash?,A noticeable change in the texture or color of your skin.,symptom,high
q100,What is itching (pruritus)?,An irritating sensation that makes you want to scratch your skin.,symptom,easy
q101,What is a 'pins and needles' feeling (paresthesia)?,"A tingling or prickling sensation, often felt in the hands, feet, or limbs.",symptom,medium
q102,What is blurred vision?,"A loss of sharpness of eyesight, making objects appear out of focus and hazy.",symptom,high
q103,What are 'floaters' in the eye?,"Small dark spots, specks, or string-like shapes that drift through your field of vision.",symptom,easy
q104,What is night blindness?,Difficulty seeing in low light or at night.,symptom,medium
q105,What is dry mouth (xerostomia)?,A condition where the salivary glands in your mouth don't produce enough saliva.,symptom,high
q106,What is loss of smell (anosmia)?,The partial or complete loss of the sense of smell.,symptom,easy
q107,What is joint stiffness?,A feeling of discomfort or difficulty when moving a joint.,symptom,medium
q108,What is muscle weakness?,A lack of strength in the muscles.,symptom,high
q109,What are cramps?,"A sudden, involuntary contraction of one or more of your muscles.",symptom,easy
q110,What is dizziness?,"A term used to describe a range of sensations, such as feeling faint, woozy, weak, or unsteady.",symptom,medium
q111,What is memory loss?,"Unusual forgetfulness that may be a symptom of stress, cognitive decline, or a medical condition.",symptom,high
q112,What is confusion?,A state of not being able to think clearly or as quickly as you normally do.,symptom,easy
q113,What is difficulty swallowing (dysphagia)?,The sensation of food sticking in the throat or chest.,symptom,medium
q114,What is hoarseness?,"A change in the voice, making it sound breathy, raspy, or strained.",symptom,high
q115,What is excess sweating (hyperhidrosis)?,Sweating more than is necessary to regulate body temperature.,symptom,easy
q116,What is pale skin (pallor)?,An unusual lightness of skin color compared to your normal complexion.,symptom,medium
q117,What are cold sweats?,"A sudden feeling of coldness and clammy skin, often a response to stress, pain, or fear.",symptom,high
q118,What is frequent urination?,"Needing to urinate more often than usual, which can be a symptom of diabetes or a UTI.",symptom,easy
q119,What is abdominal pain?,Discomfort or other uncomfortable sensations that you feel in your belly area.,symptom,medium
q120,What is a 'lump'?,A swelling or localized area of hardness that can occur anywhere on the body.,symptom,high
q121,What is chemotherapy?,A cancer treatment that uses powerful drugs to kill fast-growing cells in your body.,treatment,easy
q122,What is radiation therapy?,A cancer treatment that uses high-energy X-rays or other particles to destroy cancer cells.,treatment,medium
q123,What is immunotherapy?,A type of cancer treatment that boosts the body's natural defenses to fight cancer.,treatment,high
q124,What is dialysis?,A procedure to remove waste products and excess fluid from the blood when the kidneys stop working properly.,treatment,easy
q125,What is a stent?,A tiny tube placed into an artery or duct to hold it open.,treatment,medium
q126,What is coronary bypass surgery?,A surgical procedure to restore normal blood flow to an obstructed coronary artery.,treatment,high
q127,What is an angioplasty?,A procedure used to open blocked coronary arteries caused by coronary artery disease.,treatment,easy
q128,What is physical therapy?,"A treatment to improve mobility, reduce pain, and restore function using exercises and equipment.",treatment,medium
q129,What is occupational therapy?,A therapy that helps people of all ages to do the things they want and need to do through the therapeutic use of daily activities.,treatment,high
q130,What is cognitive behavioral therapy (CBT)?,A type of psychotherapy that helps patients identify and change destructive thought patterns.,mental_health,easy
q131,What is an antibiotic?,"A medicine that inhibits the growth of or destroys microorganisms, used to treat bacterial infections.",treatment,medium
q132,What is an antiviral drug?,A medication used specifically for treating viral infections.,treatment,high
q133,What is an antifungal medication?,A medication used to treat and prevent fungal infections (mycoses).,treatment,easy
q134,What is a steroid (corticosteroid)?,"A type of anti-inflammatory drug used to treat conditions like asthma, allergies, and arthritis.",treatment,medium
q135,What is an antihistamine?,A drug that treats allergic rhinitis and other allergies by blocking the effects of histamine.,treatment,high
q136,What is a diuretic?,A medication (often called a 'water pill') that helps rid your body of salt (sodium) and water.,treatment,easy
q137,What is a beta-blocker?,"A medication that works by blocking the effects of the hormone epinephrine (adrenaline), causing the heart to beat slower.",treatment,medium
q138,What is an ACE inhibitor?,A medication used to treat high blood pressure and heart failure by relaxing blood vessels.,treatment,high
q139,What is a statin?,A class of drugs used to lower cholesterol levels in the blood.,treatment,easy
q140,What is an antidepressant?,"A medication used to treat major depressive disorder, anxiety disorders, and other conditions.",treatment,medium
q141,What is a pain reliever (analgesic)?,A medication that reduces or relieves pain.,treatment,high
q142,What is an NSAID?,"Nonsteroidal Anti-Inflammatory Drug (e.g., ibuprofen, naproxen), used to reduce pain, fever, and inflammation.",treatment,easy
q143,What is acetaminophen?,"A common over-the-counter medication (e.g., Tylenol) used to relieve pain and reduce fever.",treatment,medium
q144,What is a blood thinner (anticoagulant)?,A medication that helps prevent blood clots.,treatment,high
q145,What is hormone replacement therapy (HRT)?,A treatment to relieve symptoms of menopause by replacing female hormones.,treatment,easy
q146,What is a pacemaker?,A small device placed in the chest or abdomen to help control abnormal heart rhythms.,treatment,medium
q147,What is a joint replacement?,A surgical procedure in which an arthritic or damaged joint is removed and replaced with an artificial joint.,treatment,high
q148,What is a cast (orthopedic)?,A rigid shell used to immobilize a broken bone to allow it to heal.,treatment,easy
q149,What are sutures (stitches)?,Medical threads used to hold body tissues together after an injury or surgery.,treatment,medium
q150,What is a skin graft?,A surgical procedure that involves removing skin from one area of the body and moving it to a different area.,treatment,high
q151,What is a ventilator?,A machine that provides mechanical ventilation by moving breathable air into and out of the lungs.,treatment,easy
q152,What is an inhaler?,"A medical device used for delivering medication into the body via the lungs, commonly used for asthma.",treatment,medium
q153,What is an EpiPen?,An auto-injector that delivers a dose of epinephrine (adrenaline) to treat severe allergic reactions (anaphylaxis).,treatment,high
q154,What is RICE therapy?,"Rest, Ice, Compression, and Elevation - a common treatment for minor sprains and strains.",first_aid,easy
q155,What is a defibrillator?,A device that gives a high-energy electric shock to the heart of someone who is in cardiac arrest.,treatment,medium
q156,What is a root canal?,A dental procedure to remove the infected pulp from inside a tooth's root.,treatment,high
q157,What are braces (orthodontics)?,Devices used in orthodontics that align and straighten teeth.,treatment,easy
q158,What is laser eye surgery (LASIK)?,"A refractive surgery for the correction of myopia, hyperopia, and astigmatism.",treatment,medium
q159,What is a hearing aid?,A small electronic device that you wear in or behind your ear to amplify sound.,treatment,high
q160,What is a biopsy?,A medical procedure that involves taking a small sample of tissue for examination.,medical_procedure,easy
q161,What is a healthy diet?,"A diet that includes a variety of fruits, vegetables, whole grains, lean proteins, and healthy fats.",preventive_care,medium
q162,Why is exercise important?,"Exercise strengthens muscles, improves cardiovascular health, boosts mood, and helps maintain a healthy weight.",preventive_care,high
q163,How much sleep do I need?,Most adults need 7-9 hours of quality sleep per night for optimal health.,preventive_care,easy
q164,What is the importance of handwashing?,Handwashing with soap and water is a key way to prevent the spread of infections and diseases.,preventive_care,medium
q165,What is a vaccine?,A biological preparation that provides active acquired immunity to a particular infectious disease.,vaccination,high
q166,Why are flu shots recommended annually?,"Because flu viruses evolve quickly, the vaccine is updated each year to match circulating strains.",vaccination,easy
q167,What is a mammogram?,An X-ray image of the breast used to screen for breast cancer.,diagnosis,medium
q168,What is a colonoscopy?,"A medical procedure to examine the large intestine (colon) and rectum, often used to screen for colon cancer.",medical_procedure,high
q169,What is a Pap smear (Pap test)?,"A screening procedure for cervical cancer, testing for abnormal cells in the cervix.",diagnosis,easy
q170,What is a PSA test?,A blood test used primarily to screen for prostate cancer (Prostate-Specific Antigen).,lab_test,medium
q171,What is a 'safe' level of alcohol consumption?,Moderation is defined as up to one drink per day for women and up to two drinks per day for men.,preventive_care,high
q172,What are the risks of a sedentary lifestyle?,"Increased risk of obesity, type 2 diabetes, heart disease, and certain cancers.",preventive_care,easy
q173,What is BMI?,"Body Mass Index, a measure of body fat based on height and weight.",diagnosis,medium
q174,Why is hydration important?,"Water is essential for regulating body temperature, lubricating joints, and helping organs function properly.",preventive_care,high
q175,What is 'safe sex'?,Sexual practices that reduce the risk of transmitting or acquiring sexually transmitted infections (STIs).,preventive_care,easy
q176,How does smoking affect the lungs?,"Smoking damages the airways and air sacs (alveoli) in the lungs, leading to COPD, emphysema, and cancer.",preventive_care,medium
q177,What is secondhand smoke?,"Smoke inhaled involuntarily from tobacco being smoked by others, which is also a health risk.",preventive_care,high
q178,What is SPF in sunscreen?,"Sun Protection Factor, a measure of how well sunscreen blocks UVB rays.",preventive_care,easy
q179,Why is flossing important?,Flossing removes plaque and food particles from between teeth and under the gumline where a toothbrush can't reach.,preventive_care,medium
q180,What is a dental check-up?,A routine visit to the dentist for cleaning and examination to prevent cavities and gum disease.,preventive_care,high
q181,What is stress management?,Techniques and therapies aimed at controlling a person's level of stress.,preventive_care,easy
q182,What is mindfulness?,A mental state achieved by focusing one's awareness on the present moment.,mental_health,medium
q183,What is an annual physical exam?,A routine check-up with a doctor to assess general health and screen for potential problems.,preventive_care,high
q184,What is an STD/STI?,"Sexually Transmitted Disease/Infection, an infection passed from one person to another through sexual contact.",disease,easy
q185,How can I prevent Type 2 diabetes?,"Maintain a healthy weight, eat a balanced diet, and exercise regularly.",preventive_care,medium
q186,How can I prevent skin cancer?,"Limit sun exposure, wear broad-spectrum sunscreen, and avoid tanning beds.",preventive_care,high
q187,What is 'good' cholesterol?,HDL (High-Density Lipoprotein) is 'good' cholesterol because it helps remove 'bad' LDL cholesterol from the arteries.,anatomy,easy
q188,What is 'bad' cholesterol?,LDL (Low-Density Lipoprotein) is 'bad' cholesterol because it can build up in arteries and form plaque.,anatomy,medium
q189,What is the Mediterranean diet?,"A diet emphasizing fruits, vegetables, olive oil, fish, and nuts, linked to heart health.",nutrition,high
q190,Why is quitting smoking so hard?,Nicotine is a highly addictive chemical that causes withdrawal symptoms.,preventive_care,easy
q191,What are macronutrients?,"Nutrients the body needs in large amounts: carbohydrates, proteins, and fats.",nutrition,medium
q192,What are micronutrients?,Nutrients the body needs in smaller amounts: vitamins and minerals.,nutrition,high
q193,What is the role of protein?,"Protein is essential for building and repairing tissues, including muscle, skin, and bones.",nutrition,easy
q194,What is the role of carbohydrates?,Carbohydrates are the body's main source of energy.,nutrition,medium
q195,What are healthy fats?,"Unsaturated fats (monounsaturated and polyunsaturated), found in avocados, nuts, and olive oil.",nutrition,high
q196,What are saturated fats?,"Fats found in red meat, butter, and cheese, which can raise 'bad' LDL cholesterol.",nutrition,easy
q197,What are trans fats?,Artificial fats (partially hydrogenated oils) found in processed foods that raise 'bad' and lower 'good' cholesterol.,nutrition,medium
q198,Why is fiber important?,"Fiber aids digestion, helps maintain bowel health, and can help lower cholesterol.",nutrition,high
q199,What is 'added sugar'?,"Sugars and syrups put in foods during processing or preparation, which should be limited.",nutrition,easy
q200,What is the role of calcium?,Calcium is a mineral essential for building strong bones and teeth.,nutrition,medium
q201,What is the role of iron?,"Iron is a mineral needed to make hemoglobin, a protein in red blood cells that carries oxygen.",nutrition,high
q202,What is the role of potassium?,"Potassium is a mineral that helps regulate fluid balance, muscle contractions, and nerve signals.",nutrition,easy
q203,What is the role of sodium?,"Sodium is needed in small amounts, but excess sodium (from salt) can raise blood pressure.",nutrition,medium
q204,What is Vitamin A good for?,"Vitamin A is important for vision, immune function, and skin health.",nutrition,high
q205,What is Vitamin B12 good for?,Vitamin B12 is crucial for nerve function and the formation of red blood cells.,nutrition,easy
q206,What is Vitamin C good for?,Vitamin C is an antioxidant that helps the immune system and is important for skin and connective tissues.,nutrition,medium
q207,What is Vitamin E good for?,Vitamin E is an antioxidant that protects cells from damage.,nutrition,high
q208,What is Vitamin K good for?,Vitamin K is essential for blood clotting and bone health.,nutrition,easy
q209,What are antioxidants?,"Substances that may protect your cells against free radicals, which play a role in heart disease and cancer.",nutrition,medium
q210,What are probiotics?,Live bacteria and yeasts (good bacteria) that are beneficial for your digestive system.,nutrition,high
q211,What are prebiotics?,Types of fiber that feed the friendly bacteria (probiotics) in your gut.,nutrition,easy
q212,What is a 'calorie'?,"A unit of energy. In nutrition, calories refer to the energy people get from food and drink.",nutrition,medium
q213,What is gluten?,"A protein found in wheat, barley, and rye, which can cause issues for people with celiac disease.",nutrition,high
q214,What is lactose intolerance?,"The inability to fully digest the sugar (lactose) in milk, causing digestive symptoms.",nutrition,easy
q215,What is a vegan diet?,"A diet that excludes all animal products, including meat, dairy, eggs, and honey.",nutrition,medium
q216,What is a vegetarian diet?,"A diet that excludes meat, poultry, and fish, but may include dairy and/or eggs.",nutrition,high
q217,What is the 'food pyramid' (or MyPlate)?,"A nutritional guideline representing a healthy diet, dividing foods into groups.",nutrition,easy
q218,What is an electrolyte?,"Minerals in your body (like sodium, potassium, calcium) that have an electric charge and manage bodily functions.",nutrition,medium
q219,What is a 'superfood'?,A marketing term for food presumed to confer health benefits resulting from an exceptional nutrient density.,nutrition,high
q220,Is caffeine bad for you?,"In moderation (up to 400mg daily), caffeine is safe for most adults, but too much can cause anxiety and disrupt sleep.",nutrition,easy
q221,What is the function of the heart?,The heart is a muscular organ that pumps blood throughout the body.,anatomy,medium
q222,What is the function of the lungs?,"The lungs are responsible for gas exchange, bringing oxygen into the body and removing carbon dioxide.",anatomy,high
q223,What is the function of the liver?,"The liver filters blood, detoxifies chemicals, metabolizes drugs, and produces bile.",anatomy,easy
q224,What is the function of the kidneys?,"The kidneys filter waste and excess water from the blood, producing urine.",anatomy,medium
q225,What is the function of the brain?,"The brain is the control center of the body, managing thoughts, memory, emotion, touch, and all bodily functions.",anatomy,high
q226,What is the function of the stomach?,"The stomach digests food by mixing it with digestive juices, breaking it down into a liquid.",anatomy,easy
q227,What is the function of the small intestine?,The small intestine is where most of the digestion and absorption of nutrients from food takes place.,anatomy,medium
q228,What is the function of the large intestine (colon)?,The large intestine absorbs water and electrolytes from remaining indigestible food matter.,anatomy,high
q229,What is the function of the pancreas?,The pancreas produces enzymes for digestion and hormones like insulin to regulate blood sugar.,anatomy,easy
q230,What is the function of the gallbladder?,"The gallbladder stores and concentrates bile, a digestive fluid produced by the liver.",anatomy,medium
q231,What is the function of the spleen?,"The spleen filters blood, recycles old red blood cells, and stores white blood cells.",anatomy,high
q232,What is the skin?,"The skin is the body's largest organ, acting as a protective barrier against the environment.",anatomy,easy
q233,What is the skeleton?,"The framework of bones that provides structure, support, and protection for the body.",anatomy,medium
q234,What is a muscle?,"Tissue that can contract, producing movement.",anatomy,high
q235,What is a tendon?,A flexible but inelastic cord of strong fibrous tissue attaching a muscle to a bone.,anatomy,easy
q236,What is a ligament?,"A short band of tough, flexible fibrous connective tissue that connects two bones or cartilages.",anatomy,medium
q237,What is cartilage?,"A firm, flexible connective tissue found in joints, the ear, and the nose.",anatomy,high
q238,What is a joint?,A connection between bones in the body that links the skeletal system into a functional whole.,anatomy,easy
q239,What is the central nervous system (CNS)?,The CNS consists of the brain and spinal cord and is the body's main processing center.,anatomy,medium
q240,What is the peripheral nervous system (PNS)?,"The network of nerves outside the brain and spinal cord, connecting the CNS to the rest of the body.",anatomy,high
q241,What is a neuron?,A nerve cell; the basic building block of the nervous system.,anatomy,easy
q242,What is the endocrine system?,"The collection of glands that produce hormones to regulate metabolism, growth, and sexual function.",anatomy,medium
q243,What is the thyroid gland?,"A gland in the neck that produces hormones regulating metabolism, heart rate, and body temperature.",anatomy,high
q244,What are the adrenal glands?,Glands located on top of the kidneys that produce hormones like adrenaline (epinephrine) and cortisol.,anatomy,easy
q245,What is the lymphatic system?,A network of tissues and organs (including lymph nodes) that help rid the body of toxins and waste.,anatomy,medium
q246,What is the immune system?,"A complex network of cells, tissues, and organs that defend the body against pathogens like bacteria and viruses.",anatomy,high
q247,What is an antibody?,A protein produced by the immune system to identify and neutralize foreign objects such as bacteria and viruses.,anatomy,easy
q248,What is a red blood cell?,A cell in the blood that transports oxygen from the lungs to the tissues.,anatomy,medium
q249,What is a white blood cell?,A cell of the immune system involved in defending the body against infectious disease.,anatomy,high
q250,What are platelets?,"Small, colorless cell fragments in our blood that form clots to stop or prevent bleeding.",anatomy,easy
q251,What is an X-ray?,An imaging test that uses low-dose radiation to create pictures of bones and other internal structures.,diagnosis,medium
q252,What is a CT scan (Computed Tomography)?,An advanced X-ray technique that combines multiple images to create cross-sectional views of the body.,diagnosis,high
q253,What is an ultrasound (sonogram)?,An imaging technique that uses high-frequency sound waves to create real-time images of internal organs.,diagnosis,easy
q254,What is an EKG (or ECG)?,"An electrocardiogram, a test that records the electrical activity of the heart.",diagnosis,medium
q255,What is an EEG (Electroencephalogram)?,"A test that detects electrical activity in your brain using small, metal discs (electrodes) attached to your scalp.",diagnosis,high
q256,What is a PET scan?,"Positron Emission Tomography, an imaging test that helps reveal how your tissues and organs are functioning.",diagnosis,easy
q257,What is a 'blood test'?,"A laboratory analysis performed on a blood sample to check for various health markers, diseases, or organ function.",lab_test,medium
q258,What is a CBC (Complete Blood Count)?,"A common blood test that measures the levels of red blood cells, white blood cells, and platelets.",lab_test,high
q259,What is a 'blood culture'?,"A lab test to check for bacteria or other germs in a blood sample, used to diagnose sepsis.",lab_test,easy
q260,What is a 'lipid panel'?,"A blood test that measures fats and fatty substances, including total cholesterol, LDL, HDL, and triglycerides.",lab_test,medium
q261,What is a blood glucose test?,"A test that measures the amount of sugar (glucose) in your blood, used to screen for diabetes.",lab_test,high
q262,What is an A1c test?,A blood test that measures your average blood sugar levels over the past 3 months.,lab_test,easy
q263,What is a 'liver function test' (LFT)?,Blood tests that measure enzymes and proteins in your blood to check the health of your liver.,lab_test,medium
q264,What is a 'kidney function test'?,Tests (like creatinine and BUN) that measure how well your kidneys are filtering waste from your blood.,lab_test,high
q265,What is a 'thyroid panel' (TFT)?,"Blood tests (like TSH, T3, T4) used to evaluate thyroid gland function.",lab_test,easy
q266,What is a urinalysis?,"A test of your urine used to detect and manage a wide range of disorders, such as UTIs or kidney disease.",lab_test,medium
q267,What is a 'urine culture'?,A test to find and identify germs (usually bacteria) that may be causing a urinary tract infection (UTI).,lab_test,high
q268,What is a 'stool test'?,A test on a sample of feces (stool) to help diagnose conditions affecting the digestive tract.,lab_test,easy
q269,What is a 'biopsy'?,A diagnostic procedure where a small sample of tissue is removed from the body for examination under a microscope.,diagnosis,medium
q270,What is a 'spinal tap' (lumbar puncture)?,A procedure to collect and look at the fluid (cerebrospinal fluid) surrounding the brain and spinal cord.,medical_procedure,high
q271,What is a stress test?,"A test that shows how your heart works during physical activity, usually involving walking on a treadmill.",diagnosis,easy
q272,What is a pulse oximeter?,A medical device that clips to a finger and measures the oxygen saturation level in your blood.,diagnosis,medium
q273,What is a blood pressure reading?,"A measurement of the pressure in your arteries, given as two numbers (systolic over diastolic).",diagnosis,high
q274,What is systolic pressure?,The top number in a blood pressure reading; the pressure in your arteries when your heart beats.,diagnosis,easy
q275,What is diastolic pressure?,The bottom number in a blood pressure reading; the pressure in your arteries when your heart rests between beats.,diagnosis,medium
q276,What is an 'allergy test'?,A test (either a skin prick or blood test) to determine what substances (allergens) trigger an allergic reaction.,diagnosis,high
q277,What is genetic testing?,"A type of medical test that identifies changes in chromosomes, genes, or proteins to confirm or rule out a genetic condition.",diagnosis,easy
q278,What is a 'scope' procedure (endoscopy)?,A procedure where a doctor uses a flexible tube with a camera (endoscope) to look inside the body.,medical_procedure,medium
q279,What is a bronchoscopy?,A procedure that lets doctors look at your lungs and air passages using a thin tube (bronchoscope).,medical_procedure,high
q280,What is a 'fecal occult blood test'?,A lab test used to check stool samples for hidden (occult) blood.,lab_test,easy
q281,What is surgery?,The treatment of injuries or disorders of the body by incision or manipulation.,medical_procedure,medium
q282,What is anesthesia?,Medication used during surgery or procedures to prevent pain.,medical_procedure,high
q283,What is general anesthesia?,A state of controlled unconsciousness (sleep) during which you feel no pain.,medical_procedure,easy
q284,What is local anesthesia?,"A medication that numbs a small, specific area of the body for a short time.",medical_procedure,medium
q285,What is an epidural?,An injection in your back (epidural space) to numb the nerves and block pain from the waist down.,medical_procedure,high
q286,What is a blood transfusion?,A routine medical procedure in which donated blood is provided to you through a narrow tube (IV) in your arm.,medical_procedure,easy
q287,What is intubation?,The process of inserting a tube (endotracheal tube) through the mouth and into the airway (trachea).,medical_procedure,medium
q288,What is a C-section (Cesarean section)?,A surgical procedure used to deliver a baby through incisions in the abdomen and uterus.,medical_procedure,high
q289,What is an appendectomy?,Surgical removal of the appendix.,medical_procedure,easy
q290,What is a cholecystectomy?,Surgical removal of the gallbladder.,medical_procedure,medium
q291,What is a hysterectomy?,Surgical removal of the uterus.,medical_procedure,high
q292,What is a mastectomy?,"Surgical removal of all or part of a breast, usually to treat or prevent breast cancer.",medical_procedure,easy
q293,What is a lumpectomy?,Surgical removal of a cancerous lump and a small margin of surrounding healthy tissue from the breast.,medical_procedure,medium
q294,What is a tonsillectomy?,Surgical removal of the tonsils.,medical_procedure,high
q295,What is cataract surgery?,A procedure to remove the natural lens of the eye when it has become cloudy (a cataract) and replace it with an artificial lens.,medical_procedure,easy
q296,What is a tracheotomy?,A surgical procedure that creates an opening in the front of the neck into the windpipe (trachea).,medical_procedure,medium
q297,What is plastic surgery?,"A surgical specialty involving the restoration, reconstruction, or alteration of the human body.",medical_procedure,high
q298,What is bariatric surgery?,Weight-loss surgery; procedures performed on people who have obesity.,medical_procedure,easy
q299,What is an organ transplant?,A surgical procedure to replace a failing or damaged organ with a healthy one from a donor.,medical_procedure,medium
q300,What is cryotherapy?,"The use of extreme cold in surgery or other medical treatment (e.g., freezing a wart).",medical_procedure,high
q301,What is the Heimlich maneuver?,An emergency technique for dislodging an object from the throat of a choking person.,first_aid,easy
q302,How to treat a nosebleed?,"Sit upright, lean forward, and pinch your nostrils shut for 10-15 minutes.",first_aid,medium
q303,How to treat a minor burn?,Run cool (not cold) water over the area for 10-20 minutes and cover loosely.,first_aid,high
q304,How to treat a severe burn?,"Call 911. Do not remove stuck clothing. Cover the area with a cool, moist, sterile bandage.",first_aid,easy
q305,How to treat an insect sting?,"Remove the stinger if present, wash the area, and apply a cold pack to reduce swelling.",first_aid,medium
q306,What are signs of a concussion?,"Headache, dizziness, confusion, nausea, and possible loss of consciousness.",symptom,high
q307,How to treat a sprain?,"Use the RICE method: Rest, Ice, Compression, and Elevation.",first_aid,easy
q308,What to do if someone faints?,Lay the person flat on their back and elevate their legs slightly.,first_aid,medium
q309,What to do for a seizure?,"Ease the person to the floor, turn them onto one side, and clear the area of hard objects. Do not restrain them.",first_aid,high
q310,What are the signs of anaphylaxis?,"Difficulty breathing, swelling of the face or throat, hives, and a rapid pulse.",symptom,easy
q311,How to use an EpiPen?,"Pull off the blue safety cap, press the orange end firmly against the outer thigh, and hold for 3 seconds.",first_aid,medium
q312,How to treat heat exhaustion?,"Move to a cool place, loosen clothing, sip cool water, and apply cool, wet cloths to the skin.",first_aid,high
q313,What are the signs of heatstroke?,"High body temperature (103°F+), hot red skin, rapid pulse, and confusion. This is a medical emergency.",symptom,easy
q314,What are the signs of hypothermia?,"Shivering, slurred speech, slow breathing, and confusion.",symptom,medium
q315,How to treat frostbite?,"Move to a warm place, gradually rewarm the affected area with warm (not hot) water. Do not rub.",first_aid,high
q316,What to do for a chemical burn?,"Immediately flush the area with large amounts of cool, running water for at least 20 minutes.",first_aid,easy
q317,What to do for an eye injury?,"For a speck, flush with water. For a major injury or cut, cover lightly and seek medical help immediately.",first_aid,medium
q318,What is CPR?,"Cardiopulmonary Resuscitation, an emergency procedure that combines chest compressions with artificial ventilation.",first_aid,high
q319,How to perform chest compressions?,Push hard and fast in the center of the chest at a rate of 100-120 compressions per minute.,first_aid,easy
q320,What is an AED?,"Automated External Defibrillator, a portable device that checks the heart rhythm and can send an electric shock to restore a normal rhythm.",first_aid,medium
q321,What is a 'side effect'?,"A secondary, typically undesirable effect of a drug or medical treatment.",side_effects,high
q322,What is a common side effect of antidepressants?,"Nausea, weight gain, and drowsiness are common, especially in the first few weeks.",side_effects,easy
q323,What is a common side effect of beta-blockers?,"Fatigue, dizziness, and cold hands or feet.",side_effects,medium
q324,What is a common side effect of statins?,"Muscle pain, headache, and digestive problems.",side_effects,high
q325,What is a common side effect of chemotherapy?,"Nausea, hair loss, fatigue, and increased risk of infection.",side_effects,easy
q326,What is a common side effect of radiation therapy?,Fatigue and skin irritation (like a sunburn) in the treated area.,side_effects,medium
q327,What is a common side effect of antihistamines?,"Drowsiness, dry mouth, and dizziness.",side_effects,high
q328,What is a common side effect of decongestants?,"Jitteriness, increased blood pressure, and difficulty sleeping.",side_effects,easy
q329,What is a common side effect of diuretics ('water pills')?,Increased urination and loss of potassium.,side_effects,medium
q330,What is a common side effect of opioids (narcotic pain relievers)?,"Drowsiness, constipation, and risk of addiction.",side_effects,high
q331,What is a common side effect of NSAIDs (like ibuprofen)?,"Stomach irritation, heartburn, and risk of ulcers with long-term use.",side_effects,easy
q332,What is a common side effect of sleeping pills?,"Drowsiness the next day, dizziness, and potential for dependence.",side_effects,medium
q333,What is an allergic reaction to a drug?,"An immune system response, which can range from a mild rash to life-threatening anaphylaxis.",side_effects,high
q334,What is Stevens-Johnson syndrome?,"A rare, serious disorder of the skin and mucous membranes, often a reaction to a medication.",side_effects,easy
q335,What is 'serotonin syndrome'?,A serious drug reaction caused by medications that build up high levels of serotonin. Symptoms include agitation and fever.,side_effects,medium
q336,Why do some drugs cause drowsiness?,"They depress the central nervous system or block histamine, which regulates wakefulness.",side_effects,high
q337,Why do some drugs cause 'dry mouth'?,They reduce saliva production by affecting the autonomic nervous system.,side_effects,easy
q338,What is a 'drug interaction'?,"A reaction between two (or more) drugs, or between a drug and a food or supplement.",drug_interaction,medium
q339,Can supplements have side effects?,"Yes, supplements (like vitamins or herbs) can cause side effects and interact with medications.",side_effects,high
q340,What is a 'contraindication'?,"A specific situation in which a drug, procedure, or surgery should not be used because it may be harmful to the person.",side_effects,easy
q341,Why avoid alcohol with medication?,"Alcohol can increase drowsiness, increase the risk of overdose, and damage the liver when combined with many drugs.",drug_interaction,medium
q342,Can I take painkillers with alcohol?,Combining alcohol with NSAIDs increases stomach bleeding risk. Combining with acetaminophen (Tylenol) can cause severe liver damage.,drug_interaction,high
q343,What is the 'grapefruit effect'?,"Grapefruit and its juice can interfere with enzymes that break down certain drugs (like statins), leading to dangerously high levels.",drug_interaction,easy
q344,Why avoid dairy with some antibiotics?,Calcium in dairy can bind to certain antibiotics (like tetracyclines) and prevent their absorption.,drug_interaction,medium
q345,Can I mix ibuprofen and naproxen?,"No, both are NSAIDs. Taking them together increases the risk of side effects like stomach bleeding.",drug_interaction,high
q346,Can I take ibuprofen and acetaminophen (Tylenol) together?,"Yes, it is generally safe as they work differently. Follow dosing instructions carefully.",drug_interaction,easy
q347,What happens if I take St. John's Wort with antidepressants?,It can cause a serious condition called serotonin syndrome due to excessive serotonin.,drug_interaction,medium
q348,Can I take cold medicine with blood pressure medication?,Decongestants (like pseudoephedrine) can raise blood pressure and interfere with BP medications.,drug_interaction,high
q349,What happens if I take warfarin with aspirin?,Both are blood thinners; taking them together significantly increases the risk of serious bleeding.,drug_interaction,easy
q350,Can I take antacids with other medications?,Antacids can change stomach acidity and interfere with the absorption of many other drugs. Separate doses by 2 hours.,drug_interaction,medium
q351,Can birth control pills interact with antibiotics?,Some antibiotics (like rifampin) can make birth control pills less effective. Use a backup method.,drug_interaction,high
q352,What interacts with beta-blockers?,"Decongestants, alcohol, and even some asthma medications can interact with beta-blockers.",drug_interaction,easy
q353,What happens if I mix different types of antidepressants?,"Mixing types (e.g., SSRIs and MAOIs) is extremely dangerous and can cause serotonin syndrome or a hypertensive crisis.",drug_interaction,medium
q354,Can I take allergy medicine (antihistamines) with sleeping pills?,"No, both cause drowsiness, and the combined sedative effect can be dangerous.",drug_interaction,high
q355,What interacts with statins (cholesterol drugs)?,"Grapefruit juice, some antibiotics, and antifungal medications can increase the risk of statin side effects.",drug_interaction,easy
q356,Can I take iron supplements with milk?,"No, calcium in milk can interfere with the absorption of iron supplements.",drug_interaction,medium
q357,What interacts with thyroid medication (levothyroxine)?,"Calcium and iron supplements, as well as high-fiber foods, can interfere with its absorption. Take it on an empty stomach.",drug_interaction,high
q358,Why shouldn't I take Viagra (sildenafil) with nitrates?,"This combination can cause a sudden and severe drop in blood pressure, which can be fatal.",drug_interaction,easy
q359,Do herbal supplements interact with drugs?,"Yes, supplements like Ginkgo Biloba and Ginseng can interact with blood thinners and other medications.",drug_interaction,medium
q360,What is a 'drug-food interaction'?,"When a food or beverage (like grapefruit or alcohol) affects a drug's absorption, metabolism, or effectiveness.",drug_interaction,high
q361,What is 'public health'?,The science of protecting and improving the health of people and their communities.,public_health,easy
q362,What is an 'epidemic'?,A disease outbreak that spreads quickly and affects many individuals in a community at the same time.,public_health,medium
q363,What is a 'pandemic'?,"An epidemic that has spread over several countries or continents, usually affecting a large number of people.",public_health,high
q364,What is a 'communicable disease'?,An infectious disease that can be transmitted from one person or animal to another.,public_health,easy
q365,What is a 'non-communicable disease'?,"A disease that is not transmissible directly, such as heart disease, cancer, or diabetes.",public_health,medium
q366,What is 'herd immunity'?,A form of indirect protection from infectious disease that occurs when a large percentage of a population has become immune.,public_health,high
q367,What is 'quarantine'?,The separation and restriction of movement of people who were potentially exposed to a contagious disease.,public_health,easy
q368,What is 'isolation'?,The separation of sick people with a contagious disease from people who are not sick.,public_health,medium
q369,What is a 'vector-borne' disease?,An illness caused by pathogens (like parasites or bacteria) transmitted by organisms like mosquitoes or ticks.,public_health,high
q370,What is 'sanitation'?,Public health conditions related to clean drinking water and adequate treatment and disposal of human waste.,public_health,easy
q371,What is 'morbidity'?,The rate of disease in a population.,public_health,medium
q372,What is 'mortality'?,The rate of death in a population.,public_health,high
q373,What is the CDC?,"The Centers for Disease Control and Prevention, the leading national public health institute of the United States.",public_health,easy
q374,What is the WHO?,"The World Health Organization, a specialized agency of the United Nations responsible for international public health.",public_health,medium
q375,What is an 'active' vaccine?,A vaccine (like MMR) that introduces a weakened or inactivated germ to stimulate an immune response.,vaccination,high
q376,What is an 'mRNA vaccine'?,A vaccine (like some COVID-19 shots) that teaches cells how to make a protein that triggers an immune response.,vaccination,easy
q377,What is the MMR vaccine?,"A vaccine that protects against Measles, Mumps, and Rubella.",vaccination,medium
q378,What is the DTaP vaccine?,"A vaccine that protects children against Diphtheria, Tetanus, and Pertussis (whooping cough).",vaccination,high
q379,What is the HPV vaccine?,"A vaccine that protects against human papillomavirus (HPV), which can cause cervical and other cancers.",vaccination,easy
q380,What is a 'booster shot'?,An extra dose of a vaccine given after the initial (primary) dose to 'boost' the immune system's memory.,vaccination,medium
q381,What is pediatrics?,"The branch of medicine dealing with the health and medical care of infants, children, and adolescents.",pediatrics,high
q382,What is SIDS?,"Sudden Infant Death Syndrome, the unexplained death, usually during sleep, of a seemingly healthy baby less than a year old.",pediatrics,easy
q383,What is 'tummy time'?,"Placing a baby on their stomach while awake and supervised, which helps build neck and shoulder muscles.",pediatrics,medium
q384,What is croup?,A common childhood illness causing a 'barking' cough due to inflammation of the upper airways.,pediatrics,high
q385,What is RSV (Respiratory Syncytial Virus)?,"A common respiratory virus that usually causes mild, cold-like symptoms but can be serious for infants.",pediatrics,easy
q386,What is 'failure to thrive'?,A term used when a child's weight or rate of weight gain is significantly below that of other children of similar age.,pediatrics,medium
q387,What is ADHD?,"Attention-Deficit/Hyperactivity Disorder, a chronic condition including attention difficulty, hyperactivity, and impulsiveness.",pediatrics,high
q388,What is autism spectrum disorder (ASD)?,"A developmental disorder that affects communication and behavior, characterized by a range of symptoms.",pediatrics,easy
q389,What are 'growing pains'?,"Cramping, achy muscle pains in the legs that are common in children aged 3-12.",pediatrics,medium
q390,What is a febrile seizure?,A convulsion in a child caused by a spike in body temperature (fever).,pediatrics,high
q391,What is geriatrics?,The branch of medicine specializing in the health and care of elderly people.,geriatrics,easy
q392,What is 'polypharmacy'?,"The simultaneous use of multiple drugs to treat a single ailment or condition, common in the elderly.",geriatrics,medium
q393,What is hospice care?,A type of healthcare that focuses on palliating a terminally ill patient's pain and symptoms (end-of-life care).,geriatrics,high
q394,What is palliative care?,"Specialized medical care for people living with a serious illness, focused on providing relief from symptoms and stress.",treatment,easy
q395,Why are falls so dangerous for the elderly?,"They can lead to serious injuries, such as hip fractures, which can cause significant decline in health and independence.",geriatrics,medium
q396,What is sarcopenia?,"The age-related loss of muscle mass, strength, and function.",geriatrics,high
q397,What is presbycusis?,Age-related hearing loss.,geriatrics,easy
q398,What is presbyopia?,"Age-related farsightedness, the gradual loss of your eyes' ability to focus on nearby objects.",geriatrics,medium
q399,What is a bedsore (pressure ulcer)?,"An injury to the skin and underlying tissue resulting from prolonged pressure, common in bedridden patients.",geriatrics,high
q400,What is sundowning?,"A state of confusion occurring in the late afternoon and spanning into the night, often seen in people with dementia.",geriatrics,easy
q401,What is an anxiety disorder?,"A mental health disorder characterized by feelings of worry, anxiety, or fear that are strong enough to interfere with daily life.",mental_health,medium
q402,What is a panic attack?,A sudden episode of intense fear that triggers severe physical reactions when there is no real danger.,mental_health,high
q403,What is OCD?,"Obsessive-Compulsive Disorder, a disorder characterized by unreasonable thoughts and fears (obsessions) that lead to compulsive behaviors.",mental_health,easy
q404,What is PTSD?,"Post-Traumatic Stress Disorder, a disorder in which a person has difficulty recovering after experiencing or witnessing a terrifying event.",mental_health,medium
q405,What is a phobia?,An extreme or irrational fear of or aversion to something.,mental_health,high
q406,What is an eating disorder?,"A range of psychological conditions that cause unhealthy eating habits to develop (e.g., anorexia, bulimia).",mental_health,easy
q407,What is anorexia nervosa?,"An eating disorder characterized by an abnormally low body weight, intense fear of gaining weight, and a distorted perception of weight.",mental_health,medium
q408,What is bulimia nervosa?,"An eating disorder involving binging on food followed by methods to avoid weight gain, such as purging (vomiting).",mental_health,high
q409,What is 'burnout'?,"A state of physical or emotional exhaustion, often related to work stress.",mental_health,easy
q410,What is a psychiatrist?,"A medical doctor (M.D.) who specializes in mental health, and can diagnose, treat, and prescribe medication.",mental_health,medium
q411,What is a psychologist?,A professional (Ph.D. or Psy.D.) who specializes in psychology and provides talk therapy (psychotherapy).,mental_health,high
q412,What is 'stigma' in mental health?,The act of viewing someone in a negative way because of their mental health condition.,mental_health,easy
q413,What is 'gaslighting'?,A form of psychological manipulation where a person seeks to make someone doubt their own memory or sanity.,mental_health,medium
q414,What is seasonal affective disorder (SAD)?,"A type of depression that's related to changes in seasons, typically starting in the fall and winter.",mental_health,high
q415,What is postpartum depression?,"Depression suffered by a mother following childbirth, typically arising from the combination of hormonal changes and stress.",mental_health,easy
q416,What is a 'mood stabilizer'?,A medication used to treat mood disorders like bipolar disorder by controlling swings between depression and mania.,treatment,medium
q417,What is an 'antipsychotic'?,"A medication primarily used to manage psychosis, including delusions or hallucinations, often seen in schizophrenia.",treatment,high
q418,What is 'exposure therapy'?,A psychological treatment where a therapist helps a patient confront their fears in a safe environment.,mental_health,easy
q419,What is 'self-care'?,"The practice of taking an active role in protecting one's own well-being and happiness, particularly during periods of stress.",preventive_care,medium
q420,What is the DSM-5?,"The Diagnostic and Statistical Manual of Mental Disorders, 5th Edition; the standard classification manual used by mental health professionals.",diagnosis,high
q421,What is dermatology?,The branch of medicine concerned with the diagnosis and treatment of skin disorders.,dermatology,easy
q422,What is acne?,A skin condition that occurs when hair follicles become plugged with oil and dead skin cells.,dermatology,medium
q423,What is rosacea?,A common skin condition that causes blushing or flushing and visible blood vessels in your face.,dermatology,high
q424,What is a mole (nevus)?,"A common type of skin growth, often appearing as small, dark brown spots.",dermatology,easy
q425,What is the 'ABCDE' of melanoma?,"Asymmetry, Border, Color, Diameter, Evolving — signs to look for in moles.",dermatology,medium
q426,What is Botox?,"A drug made from a toxin produced by Clostridium botulinum, used medically to treat muscle conditions and cosmetically to remove wrinkles.",treatment,high
q427,What is a 'skin patch test'?,A method used to determine if a specific substance causes an allergic inflammation of the skin.,diagnosis,easy
q428,What is alopecia?,The partial or complete absence of hair from areas of the body where it normally grows; baldness.,dermatology,medium
q429,What are hives (urticaria)?,"Red, itchy welts that result from a skin reaction, often to an allergen.",dermatology,high
q430,What is a wart?,"A small, fleshy bump on the skin caused by human papillomavirus (HPV).",dermatology,easy
q431,What is cardiology?,The branch of medicine that deals with diseases and abnormalities of the heart.,cardiology,medium
q432,What is an arrhythmia?,"An improper beating of the heart, whether irregular, too fast (tachycardia), or too slow (bradycardia).",cardiology,high
q433,What is atrial fibrillation (A-Fib)?,An irregular and often rapid heart rate that can increase your risk of strokes and heart failure.,cardiology,easy
q434,What is a 'heart murmur'?,"An unusual 'whooshing' sound heard between heartbeats, sometimes indicating a heart valve problem.",cardiology,medium
q435,What is coronary artery disease (CAD)?,"The narrowing or blockage of the coronary arteries, usually caused by atherosclerosis (plaque buildup).",cardiology,high
q436,What is an echocardiogram?,An ultrasound of the heart used to check its structure and how well it's pumping blood.,diagnosis,easy
q437,What is a cardiac catheterization?,"A procedure where a thin, flexible tube (catheter) is guided through a blood vessel to the heart to diagnose or treat heart conditions.",medical_procedure,medium
q438,What is congenital heart defect?,An abnormality in the heart's structure that is present at birth.,cardiology,high
q439,What is 'sudden cardiac arrest'?,"The abrupt loss of heart function, breathing, and consciousness, often from an electrical disturbance.",cardiology,easy
q440,What is cholesterol?,A waxy substance found in your blood; high levels can increase your risk of heart disease.,anatomy,medium
q441,What is neurology?,The branch of medicine concerned with the study and treatment of disorders of the nervous system.,neurology,high
q442,What is a 'pinched nerve'?,"A condition where too much pressure is applied to a nerve by surrounding tissues, causing pain, tingling, or numbness.",neurology,easy
q443,What is sciatica?,"Pain radiating along the path of the sciatic nerve, which branches from your lower back through your hips and down each leg.",neurology,medium
q444,What is a 'slipped disc' (herniated disc)?,"A problem with one of the rubbery cushions (discs) between the vertebrae, which can irritate nearby nerves.",neurology,high
q445,What is carpal tunnel syndrome?,"A condition caused by a compressed nerve in the wrist, leading to numbness, tingling, and weakness in the hand.",neurology,easy
q446,What is Bell's palsy?,A condition that causes sudden weakness or paralysis of the muscles on one side of the face.,neurology,medium
q447,What is a migraine?,"A type of headache that can cause severe throbbing pain, usually on one side of the head, often with nausea.",symptom,high
q448,What is ALS (Lou Gehrig's disease)?,"Amyotrophic Lateral Sclerosis, a progressive nervous system disease that destroys nerve cells, causing loss of muscle control.",neurology,easy
q449,What is cerebral palsy?,"A group of disorders affecting a person's ability to move and maintain balance and posture, caused by abnormal brain development.",neurology,medium
q450,What is a TIA (transient ischemic attack)?,"A 'mini-stroke' caused by a temporary disruption in blood supply to the brain, serving as a warning for a future stroke.",neurology,high
q451,What is genetics?,"The study of genes, genetic variation, and heredity in living organisms.",genetics,easy
q452,What is a 'gene'?,A unit of heredity; a segment of DNA that provides instructions for building a protein.,genetics,medium
q453,What is 'DNA'?,"Deoxyribonucleic acid, the molecule that carries genetic instructions for the development and functioning of all known organisms.",genetics,high
q454,What is a 'chromosome'?,"A structure found inside the nucleus of a cell, made up of proteins and DNA organized into genes.",genetics,easy
q455,What is a 'genetic mutation'?,A permanent alteration in the DNA sequence that makes up a gene.,genetics,medium
q456,What is a 'hereditary' disease?,A disease or disorder that is inherited genetically (passed down from parents).,genetics,high
q457,What is Down syndrome?,A genetic condition caused by an extra full or partial copy of chromosome 21.,genetics,easy
q458,What is cystic fibrosis?,"A hereditary disease affecting the lungs and digestive system, where the body produces thick, sticky mucus.",genetics,medium
q459,What is sickle cell anemia?,An inherited red blood cell disorder in which there aren't enough healthy red blood cells to carry oxygen.,genetics,high
q460,What is genetic counseling?,A process to evaluate and understand a family's risk of an inherited medical condition.,genetics,easy
